{"title":"./res/gemini_BTCUSD_2020_1min.csv - OHLC System - Medians","medians":{"close":10622.98,"volume":0.186721456,"hlc3":10623.023333333333,"rsi":50.5155420149448,"stochastic":51.653363740023615,"mfi":86.38486936181874}}