{"lineCountSeconds":0.1508683999925852,"ohlcs":{"parseOhlcsFromCsvSeconds":3.394327200010419,"calculateAllSeconds":6.182905599996448,"writeOhlcsSamplesSeconds":0.0029580999910831453},"ohlcSystem":{"parseOhlcsFromCsvSeconds":3.2124694999903443,"calculateAllSeconds":2.8961622000038623,"writeOhlcsSamplesSeconds":0.008903200000524521}}